{
    "Ajax": 1.091294,
    "Aurora": 0.762133,
    "Barrie": 1.218959,
    "Belleville": 1.665845,
    "Brampton": 0.962669,
    "Brant": 0.99331,
    "Brantford": 1.334371,
    "Brock": 1.209657,
    "Brockville": 1.465786,
    "Burlington": 0.779583,
    "Caledon": 0.805224,
    "Cambridge": 1.18633,
    "Clarence-Rockland": 1.256262,
    "Clarington": 1.150944,
    "Cornwall": 1.67415,
    "Dryden": 1.704685,
    "East Gwillimbury": 0.782102,
    "Elliot Lake": 1.546783,
    "Georgina": 1.005041,
    "Greater Sudbury, Sudbury": 1.546783,
    "Guelph": 1.142609,
    "Haldimand County": 1.202069,
    "Halton Hills": 0.796429,
    "Hamilton": 1.208567,
    "Kawartha Lakes": 0.992174,
    "Kenora": 1.337247,
    "King": 0.79075,
    "Kingston": 1.365454,
    "Kitchener": 1.106139,
    "London": 1.388283,
    "Markham": 0.632908,
    "Milton": 0.683333,
    "Mississauga": 0.803063,
    "Newmarket": 0.794819,
    "Niagara Falls": 1.30914,
    "Norfolk County": 1.3119,
    "North Bay": 1.568182,
    "Oakville": 0.721512,
    "Orillia": 1.385466,
    "Oshawa": 1.304741,
    "Ottawa": 1.116213,
    "Owen Sound": 1.767431,
    "Pembroke": 1.630294,
    "Peterborough": 1.448245,
    "Pickering": 1.080044,
    "Port Colborne": 1.762228,
    "Prince Edward County": 1.06299,
    "Quinte West": 1.400202,
    "Richmond Hill": 0.659549,
    "Sarnia": 1.533293,
    "Sault Ste. Marie": 1.588067,
    "Scugog": 1.080336,
    "St. Catherines": 1.37912,
    "Stratford": 1.367359,
    "St. Thomas": 1.55319,
    "Temiskaming Shores": 1.2906,
    "Thorold": 1.418692,
    "Thunder Bay": 1.59108,
    "Timmins": 1.853053,
    "Toronto": 0.611013,
    "Uxbridge": 1.03631,
    "Vaughan": 0.669976,
    "Waterloo": 1.093399,
    "Welland": 1.62606,
    "Whitby": 1.122891,
    "Whitchurch-Stouffville": 0.733786,
    "Windsor": 1.818668,
    "Woodstock": 1.496762
}